Pedido,NF,CTe,Data_Coleta,Peso_kg,Volumes,Valor_Frete
PV-48210,000031500,35261012000700,2026-10-01,32.3,2,99.37
PV-48211,000031501,35261012000701,2026-10-02,44.7,3,122.93
PV-48212,000031502,35261012000702,2026-10-03,14.1,1,64.79
PV-48213,000031503,35261012000703,2026-10-04,58.0,4,125.40
PV-48214,000031504,35261012000704,2026-10-05,22.6,1,80.94
PV-48215,000031505,35261012000705,2026-10-06,9.0,3,55.10
PV-48216,000031506,35261012000706,2026-10-07,28.3,1,91.77
PV-48217,000031507,35261012000707,2026-10-01,15.8,2,68.02
PV-48218,000031508,35261012000708,2026-10-02,29.4,4,93.86
PV-48219,000031509,35261012000709,2026-10-03,46.4,1,111.91
PV-48220,000031510,35261012000710,2026-10-04,17.2,2,70.68
PV-48221,000031511,35261012000711,2026-10-05,51.7,4,136.23
PV-48222,000031512,35261012000712,2026-10-06,61.5,4,154.85
PV-48223,000031513,35261012000713,2026-10-07,21.7,2,79.23
PV-48224,000031514,35261012000714,2026-10-01,29.8,4,94.62
PV-48225,000031515,35261012000715,2026-10-02,44.8,4,123.12
PV-48226,000031516,35261012000716,2026-10-03,23.1,4,81.89
PV-48227,000031517,35261012000717,2026-10-04,29.8,1,56.62
PV-48228,000031518,35261012000718,2026-10-05,25.1,4,85.69
PV-48229,000031519,35261012000719,2026-10-06,49.5,2,132.05
PV-48232,000031522,35261012000722,2026-10-02,6.9,4,51.11
PV-48233,000031523,35261012000723,2026-10-03,15.9,4,68.21
PV-48299,000031599,35261012000799,2026-10-06,18.0,1,72.20
PV-48216,000031506,35261012000706,2026-10-07,28.3,1,91.77