Pedido;NF;Data_Expedicao;Peso_kg;Volumes;Transportadora
PV-48210;31500;01/10/2026;32,3;2;Rapido Sul
PV-48211;31501;02/10/2026;44,7;3;Rapido Sul
PV-48212;31502;03/10/2026;14,1;1;Rapido Sul
PV-48213;31503;04/10/2026;46,0;4;Rapido Sul
PV-48214;31504;05/10/2026;22,6;1;Rapido Sul
PV-48215;31505;06/10/2026;9,0;3;Rapido Sul
PV-48216;31506;07/10/2026;28,3;1;Rapido Sul
PV-48217;31507;01/10/2026;15,8;2;Rapido Sul
PV-48218;31508;02/10/2026;29,4;4;Rapido Sul
PV-48219;31509;03/10/2026;38,9;1;Rapido Sul
PV-48220;31510;04/10/2026;17,2;2;Rapido Sul
PV-48221;31511;05/10/2026;51,7;4;Rapido Sul
PV-48222;31512;06/10/2026;61,5;4;Rapido Sul
PV-48223;31513;07/10/2026;21,7;2;Rapido Sul
PV-48224;31514;01/10/2026;29,8;2;Rapido Sul
PV-48225;31515;02/10/2026;44,8;4;Rapido Sul
PV-48226;31516;03/10/2026;23,1;4;Rapido Sul
PV-48227;31517;04/10/2026;9,8;1;Rapido Sul
PV-48228;31518;05/10/2026;25,1;4;Rapido Sul
PV-48229;31519;06/10/2026;49,5;2;Rapido Sul
PV-48232;31522;02/10/2026;6,9;4;Rapido Sul
PV-48233;31523;03/10/2026;15,9;4;Rapido Sul
PV-48230;31520;07/10/2026;63,0;3;Rapido Sul
PV-48231;31521;01/10/2026;42,8;2;Rapido Sul